Purchase Order,Vendor,Item Receipt #,Item,Quantity,Container # (IR),To Location,Destination (PO),Carrier (IR),Trans-Loaded (IR),Departure (IR),Port ETA (IR),Due at Warehouse,Amount,Item Receipt Rate
PO12636,"Bryson Industries, Inc",IR12022,4123,1686,14403,Transit,BPUT1,,No,9/14/2021,9/18/2021,,3591.18,2.13
PO13508,Guangdong Vanward Electric Appliance Co,IR11714,8001,688,HLXU8199518,Transit,BPUT1,DSV,No,8/18/2021,10/13/2021,,62663.04,91.08
PO10611,VL (HK) LIMITED,IR11716,5065,1122,HLBU1898244,Transit,BPUT1,DSV,No,8/18/2021,10/13/2021,,8919.9,7.95
PO12059,VL (HK) LIMITED,IR11717,5228,2264,HLBU1898244,Transit,BPUT1,DSV,No,8/18/2021,10/13/2021,,4641.2,2.05
PO10228,VL (HK) LIMITED,IR11718,5229,628,HLBU1898244,Transit,,DSV,No,8/18/2021,10/13/2021,,3454,5.5
PO11990,VL (HK) LIMITED,IR11719,5318,4000,HLBU1898244,Transit,,DSV,No,8/18/2021,10/13/2021,,26200,6.55
PO12613,VL (HK) LIMITED,IR11720,5114,10016,HLBU1898244,Transit,BPUT1,DSV,No,8/18/2021,10/13/2021,,39362.88,3.93
PO8792,VL (HK) LIMITED,IR11746,5404,234,HLBU1898244,Transit,,DSV,No,8/18/2021,10/13/2021,,1902.42,8.13
PO11307,"Foshan Daide Bags Co., LTD",IR11691,1528,8250,FANU1527327,Transit,BPUT1,DSV,No,8/18/2021,10/15/2021,,67815,8.22
PO6695,"Guangdong Canbo Electrical Co., LTD",IR11676,1963,111,TCKU6047217,Transit,BPUT1,DSV,No,8/18/2021,10/16/2021,,27263.82,245.62
PO15739,DVC Industries Inc - The Spice Lab,IR12584,4160,120,SL209883366,Transit,BPUT1,,No,10/19/2021,10/20/2021,,216,1.8
PO15739,DVC Industries Inc - The Spice Lab,IR12584,4161,120,SL209883366,Transit,BPUT1,,No,10/19/2021,10/20/2021,,216,1.8
PO15739,DVC Industries Inc - The Spice Lab,IR12584,4162,120,SL209883366,Transit,BPUT1,,No,10/19/2021,10/20/2021,,204,1.7
PO15739,DVC Industries Inc - The Spice Lab,IR12584,4226,120,SL209883366,Transit,BPUT1,,No,10/19/2021,10/20/2021,,216,1.8
PO15739,DVC Industries Inc - The Spice Lab,IR12584,4227,120,SL209883366,Transit,BPUT1,,No,10/19/2021,10/20/2021,,228,1.9
PO15739,DVC Industries Inc - The Spice Lab,IR12584,4228,120,SL209883366,Transit,BPUT1,,No,10/19/2021,10/20/2021,,216,1.8
PO15739,DVC Industries Inc - The Spice Lab,IR12584,4229,120,SL209883366,Transit,BPUT1,,No,10/19/2021,10/20/2021,,210,1.75
PO15739,DVC Industries Inc - The Spice Lab,IR12584,4230,120,SL209883366,Transit,BPUT1,,No,10/19/2021,10/20/2021,,216,1.8
PO15739,DVC Industries Inc - The Spice Lab,IR12584,4231,120,SL209883366,Transit,BPUT1,,No,10/19/2021,10/20/2021,,222,1.85
PO13894,"Quanzhou Leadwin Bags Co., LTD",IR11942,5566,6100,CMAU4335080,Transit,,DSV,No,9/12/2021,10/21/2021,,39345,6.45
PO15547,"Quanzhou Leadwin Bags Co., LTD",IR12020,5565,20,CMAU4335080,Transit,BPUT1,DSV,No,9/12/2021,10/21/2021,,108.6,5.43
PO15547,"Quanzhou Leadwin Bags Co., LTD",IR12020,5566,20,CMAU4335080,Transit,BPUT1,DSV,No,9/12/2021,10/21/2021,,129,6.45
PO15547,"Quanzhou Leadwin Bags Co., LTD",IR12020,5557,20,CMAU4335080,Transit,BPUT1,DSV,No,9/12/2021,10/21/2021,,190,9.5
PO19045,Image Matters,IR12625,3049,144,,Transit,BPUT1,,No,10/21/2021,10/21/2021,,1716.48,11.92
PO10651,"Foshan Daide Bags Co., LTD",IR11292,5091,7830,GLDU7523642,Transit,BPUT1,DSV,No,7/25/2021,10/28/2021,,62640,8
PO10649,"Foshan Daide Bags Co., LTD",IR11293,5091,474,GLDU7523642,Transit,BPUT1,DSV,No,7/25/2021,10/28/2021,,3792,8
PO11145,"Foshan Daide Bags Co., LTD",IR11294,5091,7830,FBLU0120755,Transit,BPUT1,DSV,No,7/25/2021,10/28/2021,,62640,8
PO10649,"Foshan Daide Bags Co., LTD",IR11295,5091,480,FBLU0120755,Transit,BPUT1,DSV,No,7/25/2021,10/28/2021,,3840,8
PO11139,"Foshan Daide Bags Co., LTD",IR11296,1528,7359,FANU1134588,Transit,BPUT1,DSV,No,7/25/2021,10/28/2021,,60490.98,8.22
PO11138,"Foshan Daide Bags Co., LTD",IR11297,1528,936,FANU1134588,Transit,BPUT1,DSV,No,7/25/2021,10/28/2021,,7693.92,8.22
PO10213,"Foshan Daide Bags Co., LTD",IR11298,5075,5300,FFAU1786155,Transit,BPUT1,DSV,No,7/25/2021,10/28/2021,,61904,11.68
PO10637,"Foshan Daide Bags Co., LTD",IR11299,5005,240,FFAU1786155,Transit,Import,DSV,No,7/25/2021,10/28/2021,,2964,12.35
PO11139,"Foshan Daide Bags Co., LTD",IR11300,1528,471,TEMU7602216,Transit,BPUT1,DSV,No,7/25/2021,10/28/2021,,3871.62,8.22
PO11139,"Foshan Daide Bags Co., LTD",IR11300,1528,7830,TEMU7602216,Transit,BPUT1,DSV,No,7/25/2021,10/28/2021,,64362.6,8.22
PO9971,"Foshan Daide Bags Co., LTD",IR11301,5284,5300,TCNU4138061,Transit,Import,DSV,No,7/25/2021,10/28/2021,,63706,12.02
PO9971,"Foshan Daide Bags Co., LTD",IR11301,5284,202,TCNU4138061,Transit,Import,DSV,No,7/25/2021,10/28/2021,,2428.04,12.02
PO10213,"Foshan Daide Bags Co., LTD",IR11302,5005,5300,BMOU5497930,Transit,BPUT1,DSV,No,7/25/2021,10/28/2021,,65455,12.35
PO10640,"Foshan Daide Bags Co., LTD",IR11303,5075,208,BMOU5497930,Transit,BPUT1,DSV,No,7/25/2021,10/28/2021,,2429.44,11.68
PO10640,"Foshan Daide Bags Co., LTD",IR11304,5075,5092,HLBU2512269,Transit,BPUT1,DSV,No,7/25/2021,10/28/2021,,59474.56,11.68
PO10642,"Foshan Daide Bags Co., LTD",IR11305,5075,434,HLBU2512269,Transit,Import,DSV,No,7/25/2021,10/28/2021,,5069.12,11.68
PO9941,VL (HK) LIMITED,IR11365,5227,5064,SEGU5766554,Transit,,DSV,No,7/19/2021,10/28/2021,,12660,2.5
PO9937,VL (HK) LIMITED,IR11366,5195,13673,SEGU5766554,Transit,,DSV,No,7/19/2021,10/28/2021,,41019,3
PO9939,VL (HK) LIMITED,IR11367,5225,1968,SEGU5766554,Transit,,DSV,No,7/19/2021,10/28/2021,,7380,3.75
PO9942,VL (HK) LIMITED,IR11368,5227,2000,SEGU5766554,Transit,,DSV,No,7/19/2021,10/28/2021,,5000,2.5
PO10227,VL (HK) LIMITED,IR11369,5227,3228,SEGU5766554,Transit,,DSV,No,7/19/2021,10/28/2021,,8070,2.5
PO10227,VL (HK) LIMITED,IR11370,5227,1320,FCIU7493300,Transit,,DSV,No,7/19/2021,10/28/2021,,3300,2.5
PO10228,VL (HK) LIMITED,IR11371,5229,16372,FCIU7493300,Transit,,DSV,No,7/19/2021,10/28/2021,,90046,5.5
PO12060,VL (HK) LIMITED,IR11372,5229,8692,HLXU8486415,Transit,BPUT1,DSV,No,7/20/2021,10/28/2021,,49022.88,5.64
PO12074,VL (HK) LIMITED,IR11373,5473,5004,HLXU8486415,Transit,BPUT1,DSV,No,7/20/2021,10/28/2021,,16112.88,3.22
PO10611,VL (HK) LIMITED,IR11374,5065,2000,HLXU8486415,Transit,BPUT1,DSV,No,7/20/2021,10/28/2021,,15900,7.95
PO11971,VL (HK) LIMITED,IR11375,5026,2004,TGBU6124642,Transit,,DSV,No,7/25/2021,10/28/2021,,11022,5.5
PO11128,VL (HK) LIMITED,IR11376,5026,1002,TGBU6124642,Transit,BPUT1,DSV,No,7/25/2021,10/28/2021,,5511,5.5
PO10616,VL (HK) LIMITED,IR11377,5061,1950,TGBU6124642,Transit,BPUT1,DSV,No,7/25/2021,10/28/2021,,2886,1.48
PO11134,VL (HK) LIMITED,IR11378,5515,2800,TGBU6124642,Transit,BPUT1,DSV,No,7/25/2021,10/28/2021,,20440,7.3
PO12060,VL (HK) LIMITED,IR11379,5229,1308,TGBU6124642,Transit,BPUT1,DSV,No,7/25/2021,10/28/2021,,7377.12,5.64
PO10227,VL (HK) LIMITED,IR11380,5227,10452,TGBU6124642,Transit,,DSV,No,7/25/2021,10/28/2021,,26130,2.5
PO12059,VL (HK) LIMITED,IR11381,5228,3736,TGBU6124642,Transit,BPUT1,DSV,No,7/25/2021,10/28/2021,,7658.8,2.05
PO9939,VL (HK) LIMITED,IR11382,5225,10508,UACU5641560,Transit,,DSV,No,7/25/2021,10/28/2021,,39405,3.75
PO12076,VL (HK) LIMITED,IR11383,8203,3000,UACU5641560,Transit,BPUT1,DSV,No,7/25/2021,10/28/2021,,18750,6.25
PO10214,VL (HK) LIMITED,IR11384,5280,3000,TRHU4559254,Transit,Import,DSV,No,7/25/2021,10/28/2021,,9360,3.12
PO11137,VL (HK) LIMITED,IR11385,5195,5000,TRHU4559254,Transit,BPUT1,DSV,No,7/25/2021,10/28/2021,,15000,3
PO9295,VL (HK) LIMITED,IR11386,5370,3210,TRHU4559254,Transit,,DSV,No,7/25/2021,10/28/2021,,23400.9,7.29
PO9296,VL (HK) LIMITED,IR11387,5370,166,TRHU4559254,Transit,,DSV,No,7/25/2021,10/28/2021,,1210.14,7.29
PO9295,VL (HK) LIMITED,IR11388,5370,6526,CAIU7945628,Transit,,DSV,No,7/25/2021,10/28/2021,,47574.54,7.29
PO9208,VL (HK) LIMITED,IR11389,5436,712,BSIU9621623,Transit,,DSV,No,7/25/2021,10/28/2021,,6586,9.25
PO10222,VL (HK) LIMITED,IR11390,5436,1000,BSIU9621623,Transit,,DSV,No,7/25/2021,10/28/2021,,9250,9.25
PO11123,VL (HK) LIMITED,IR11391,5436,1000,BSIU9621623,Transit,BPUT1,DSV,No,7/25/2021,10/28/2021,,9250,9.25
PO11112,VL (HK) LIMITED,IR11392,5072,2000,BSIU9621623,Transit,BPUT1,DSV,No,7/25/2021,10/28/2021,,8200,4.1
PO11378,VL (HK) LIMITED,IR11393,5085,5000,BSIU9621623,Transit,,DSV,No,7/25/2021,10/28/2021,,29000,5.8
PO11379,VL (HK) LIMITED,IR11394,5085,5000,BSIU9621623,Transit,,DSV,No,7/25/2021,10/28/2021,,29000,5.8
PO13509,VL (HK) LIMITED,IR11395,5298,400,BSIU9621623,Transit,BPUT1,DSV,No,7/25/2021,10/28/2021,,6660,16.65
PO11960,Hebei Weining Metal Products Co,IR11811,5236,5850,TRHU4559151,Transit,,DSV,No,8/28/2021,10/28/2021,,52591.5,8.99
PO11960,Hebei Weining Metal Products Co,IR11812,5236,5850,SEGU5626953,Transit,,DSV,No,8/28/2021,10/28/2021,,52591.5,8.99
PO11961,Hebei Weining Metal Products Co,IR11959,5237,4280,MSMU5626457,Transit,,DSV,No,9/3/2021,11/2/2021,,32956,7.7
PO11961,Hebei Weining Metal Products Co,IR11959,5237,4280,MSMU5626457,Transit,,DSV,No,9/3/2021,11/2/2021,,32956,7.7
PO12653,Hebei Weining Metal Products Co,IR12024,5237,4280,MSMU5626457,Transit,BPUT1,DSV,No,9/3/2021,11/2/2021,,32956,7.7
PO12653,Hebei Weining Metal Products Co,IR12024,5237,4280,MSMU5626457,Transit,BPUT1,DSV,No,9/3/2021,11/2/2021,,32956,7.7
PO12320,"Foshan Daide Bags Co., LTD",IR11895,1720,5000,FANU1800257,Transit,BPUT1,DSV,No,9/6/2021,11/5/2021,,34200,6.84
PO10726,Shining Era Enterprise Limited,IR12029,1814,192,SEGU5048238,Transit,BPUT1,DSV,No,9/12/2021,11/11/2021,,8256,43
PO11711,Shining Era Enterprise Limited,IR12031,RP 80635,30,SEGU5048238 RP,Transit,BPUT1,DSV,No,9/12/2021,11/11/2021,,0,0
PO11711,Shining Era Enterprise Limited,IR12031,RP 80666,30,SEGU5048238 RP,Transit,BPUT1,DSV,No,9/12/2021,11/11/2021,,0,0
PO11711,Shining Era Enterprise Limited,IR12031,RP 80699,30,SEGU5048238 RP,Transit,BPUT1,DSV,No,9/12/2021,11/11/2021,,0,0
PO11711,Shining Era Enterprise Limited,IR12031,RP 80701,30,SEGU5048238 RP,Transit,BPUT1,DSV,No,9/12/2021,11/11/2021,,0,0
PO11711,Shining Era Enterprise Limited,IR12031,RP 80702,30,SEGU5048238 RP,Transit,BPUT1,DSV,No,9/12/2021,11/11/2021,,0,0
PO11711,Shining Era Enterprise Limited,IR12031,RP 80703,30,SEGU5048238 RP,Transit,BPUT1,DSV,No,9/12/2021,11/11/2021,,0,0
PO11711,Shining Era Enterprise Limited,IR12031,RP 80704,30,SEGU5048238 RP,Transit,BPUT1,DSV,No,9/12/2021,11/11/2021,,0,0
PO11711,Shining Era Enterprise Limited,IR12031,RP 80705,30,SEGU5048238 RP,Transit,BPUT1,DSV,No,9/12/2021,11/11/2021,,0,0
PO11711,Shining Era Enterprise Limited,IR12031,RP 80708,30,SEGU5048238 RP,Transit,BPUT1,DSV,No,9/12/2021,11/11/2021,,0,0
PO11711,Shining Era Enterprise Limited,IR12031,RP 80712,30,SEGU5048238 RP,Transit,BPUT1,DSV,No,9/12/2021,11/11/2021,,0,0
PO11711,Shining Era Enterprise Limited,IR12031,RP 80713,30,SEGU5048238 RP,Transit,BPUT1,DSV,No,9/12/2021,11/11/2021,,0,0
PO11711,Shining Era Enterprise Limited,IR12031,RP 80716,30,SEGU5048238 RP,Transit,BPUT1,DSV,No,9/12/2021,11/11/2021,,0,0
PO11711,Shining Era Enterprise Limited,IR12031,RP 80717,30,SEGU5048238 RP,Transit,BPUT1,DSV,No,9/12/2021,11/11/2021,,0,0
PO11711,Shining Era Enterprise Limited,IR12031,RP 80719,30,SEGU5048238 RP,Transit,BPUT1,DSV,No,9/12/2021,11/11/2021,,0,0
PO11711,Shining Era Enterprise Limited,IR12031,RP 80736,30,SEGU5048238 RP,Transit,BPUT1,DSV,No,9/12/2021,11/11/2021,,0,0
PO11711,Shining Era Enterprise Limited,IR12031,RP 80737,30,SEGU5048238 RP,Transit,BPUT1,DSV,No,9/12/2021,11/11/2021,,0,0
PO11711,Shining Era Enterprise Limited,IR12031,RP 80738,30,SEGU5048238 RP,Transit,BPUT1,DSV,No,9/12/2021,11/11/2021,,0,0
PO11711,Shining Era Enterprise Limited,IR12031,RP 80739,30,SEGU5048238 RP,Transit,BPUT1,DSV,No,9/12/2021,11/11/2021,,0,0
PO11711,Shining Era Enterprise Limited,IR12031,RP 80751,30,SEGU5048238 RP,Transit,BPUT1,DSV,No,9/12/2021,11/11/2021,,0,0
PO11711,Shining Era Enterprise Limited,IR12031,RP 80752,30,SEGU5048238 RP,Transit,BPUT1,DSV,No,9/12/2021,11/11/2021,,0,0
PO13349,Shining Era Enterprise Limited,IR12032,RP 90717,300,SEGU5048238 RP,Transit,,DSV,No,9/12/2021,11/11/2021,,0,0
PO13349,Shining Era Enterprise Limited,IR12032,RP 93596,1000,SEGU5048238 RP,Transit,,DSV,No,9/12/2021,11/11/2021,,0,0
PO13323,Shining Era Enterprise Limited,IR12033,RP 91050,500,SEGU5048238 RP,Transit,,DSV,No,9/15/2021,11/11/2021,,0,0
PO13323,Shining Era Enterprise Limited,IR12033,RP 91836,250,SEGU5048238 RP,Transit,,DSV,No,9/15/2021,11/11/2021,,0,0
PO13323,Shining Era Enterprise Limited,IR12033,RP 91837,250,SEGU5048238 RP,Transit,,DSV,No,9/15/2021,11/11/2021,,0,0
PO11409,"Foshan Daide Bags Co., LTD",IR11989,5091,4776,HLBU1706871,Transit,,DSV,No,9/15/2021,11/14/2021,,38208,8
PO12047,"Foshan Daide Bags Co., LTD",IR11990,5091,7830,HLBU1878227,Transit,BPUT1,DSV,No,9/15/2021,11/14/2021,,62640,8
PO12046,"Foshan Daide Bags Co., LTD",IR11991,5091,420,HLBU1878227,Transit,BPUT1,DSV,No,9/15/2021,11/14/2021,,3360,8
PO11143,"Foshan Daide Bags Co., LTD",IR11995,5035,1000,AMFU8927702,Transit,BPUT1,DSV,No,9/15/2021,11/14/2021,,6930,6.93
PO11954,"Foshan Daide Bags Co., LTD",IR11996,5035,200,AMFU8927702,Transit,,DSV,No,9/15/2021,11/14/2021,,1386,6.93
PO13605,"Foshan Daide Bags Co., LTD",IR11998,5035,4002,AMFU8927702,Transit,BPUT1,DSV,No,9/15/2021,11/14/2021,,27733.86,6.93
PO12650,"Foshan Daide Bags Co., LTD",IR11999,5510,1500,AMFU8927702,Transit,BPUT1,DSV,No,9/15/2021,11/14/2021,,14250,9.5
PO13571,"Foshan Daide Bags Co., LTD",IR12000,5510,1362,AMFU8927702,Transit,BPUT1,DSV,No,9/15/2021,11/14/2021,,12939,9.5
PO12682,VL (HK) LIMITED,IR12122,5060,916,HLBU2542068,Transit,BPUT1,DSV,No,9/17/2021,11/14/2021,,5697.52,6.22
PO12654,VL (HK) LIMITED,IR12129,5114,10112,HLBU3226866,Transit,BPUT1,DSV,No,9/17/2021,11/14/2021,,39740.16,3.93
PO6695,"Guangdong Canbo Electrical Co., LTD",IR11963,1963,111,GATU8750295,Transit,BPUT1,DSV,No,9/17/2021,11/16/2021,,27263.82,245.62
PO6695,"Guangdong Canbo Electrical Co., LTD",IR11965,1963,111,HLBU2825181,Transit,BPUT1,DSV,No,9/17/2021,11/16/2021,,27263.82,245.62
PO6695,"Guangdong Canbo Electrical Co., LTD",IR11966,1963,111,HLXU8290227,Transit,BPUT1,DSV,No,9/17/2021,11/16/2021,,27263.82,245.62
PO13770,"Guangdong Canbo Electrical Co., LTD",IR11969,RP 93006,400,BMOU4227951,Transit,,DSV,No,9/17/2021,11/16/2021,,0,0
PO9416,"Guangdong Canbo Electrical Co., LTD",IR11970,1923,6,BMOU4227951,Transit,BPUT1,DSV,No,9/17/2021,11/16/2021,,1689.96,281.66
PO12683,VL (HK) LIMITED,IR12117,5064,4524,FANU1020651,Transit,BPUT1,DSV,No,9/17/2021,11/16/2021,,23072.4,5.1
PO11973,VL (HK) LIMITED,IR12118,5064,1002,FANU1020651,Transit,,DSV,No,9/17/2021,11/16/2021,,5010,5
PO12654,VL (HK) LIMITED,IR12119,5114,4896,GCXU5165665,Transit,BPUT1,DSV,No,9/17/2021,11/16/2021,,19241.28,3.93
PO10236,VL (HK) LIMITED,IR12120,5322,2384,GCXU5165665,Transit,,DSV,No,9/17/2021,11/16/2021,,28488.8,11.95
PO11367,VL (HK) LIMITED,IR12123,5323,10000,HLBU2542068,Transit,,DSV,No,9/17/2021,11/16/2021,,62800,6.28
PO12070,VL (HK) LIMITED,IR12124,5318,880,HLBU2542068,Transit,BPUT1,DSV,No,9/17/2021,11/16/2021,,5764,6.55
PO11386,VL (HK) LIMITED,IR12125,5065,1002,FANU1120141,Transit,,DSV,No,9/17/2021,11/16/2021,,7965.9,7.95
PO12069,VL (HK) LIMITED,IR12126,5282,2000,FANU1120141,Transit,BPUT1,DSV,No,9/17/2021,11/16/2021,,10260,5.13
PO13454,VL (HK) LIMITED,IR12127,5225,10120,FANU1120141,Transit,,DSV,No,9/17/2021,11/16/2021,,38860.8,3.84
PO10214,VL (HK) LIMITED,IR12128,5404,5004,HLBU3226866,Transit,Import,DSV,No,9/17/2021,11/16/2021,,40682.52,8.13
PO11392,VL (HK) LIMITED,IR12130,5515,3200,TGBU5457470,Transit,,DSV,No,9/17/2021,11/16/2021,,23360,7.3
PO11984,VL (HK) LIMITED,IR12131,5071,3000,TGBU5457470,Transit,,DSV,No,9/17/2021,11/16/2021,,3750,1.25
PO12629,VL (HK) LIMITED,IR12132,5370,3218,TGBU5457470,Transit,BPUT1,DSV,No,9/17/2021,11/16/2021,,24038.46,7.47
PO12046,"Foshan Daide Bags Co., LTD",IR12213,5091,3936,HLBU1706871,Transit,BPUT1,DSV,No,9/15/2021,11/16/2021,,31488,8
PO12331,VL (HK) LIMITED,IR12121,5064,1002,GCXU5165665,Transit,BPUT1,DSV,No,9/17/2021,11/17/2021,,5010,5
PO13894,"Quanzhou Leadwin Bags Co., LTD",IR12059,5565,8448,CAIU8516870,Transit,,DSV,No,9/19/2021,11/20/2021,,45872.64,5.43
PO11409,"Foshan Daide Bags Co., LTD",IR12203,5091,7830,FDCU0183827,Transit,,DSV,No,9/21/2021,11/20/2021,,62640,8
PO11409,"Foshan Daide Bags Co., LTD",IR12203,5091,420,FDCU0183827,Transit,,DSV,No,9/21/2021,11/20/2021,,3360,8
PO13590,"Foshan Daide Bags Co., LTD",IR12205,1724,10000,HLBU1068397,Transit,BPUT1,DSV,No,9/21/2021,11/20/2021,,30400,3.04
PO13571,"Foshan Daide Bags Co., LTD",IR12206,5510,639,HLBU1068397,Transit,BPUT1,DSV,No,9/21/2021,11/20/2021,,6070.5,9.5
PO11307,"Foshan Daide Bags Co., LTD",IR12207,1528,3600,HLBU1068397,Transit,BPUT1,DSV,No,9/21/2021,11/20/2021,,29592,8.22
PO11138,"Foshan Daide Bags Co., LTD",IR12208,1528,7830,HLBU1494052,Transit,BPUT1,DSV,No,9/21/2021,11/20/2021,,64362.6,8.22
PO11307,"Foshan Daide Bags Co., LTD",IR12209,1528,420,HLBU1494052,Transit,BPUT1,DSV,No,9/21/2021,11/20/2021,,3452.4,8.22
PO13615,"Foshan Daide Bags Co., LTD",IR12210,1720,5400,HLBU1762197,Transit,BPUT1,DSV,No,9/21/2021,11/20/2021,,36936,6.84
PO11951,"Foshan Daide Bags Co., LTD",IR12211,1720,4000,HLBU17621972,Transit,,DSV,No,9/21/2021,11/20/2021,,27360,6.84
PO13624,"Foshan Daide Bags Co., LTD",IR12212,1720,198,HLBU1762197,Transit,BPUT1,DSV,No,9/21/2021,11/20/2021,,1354.32,6.84
PO11956,"Foshan Daide Bags Co., LTD",IR12214,5091,4314,FANU1494780,Transit,,,No,9/21/2021,11/20/2021,,34512,8
PO11956,"Foshan Daide Bags Co., LTD",IR12215,5091,3516,HLXU6510488,Transit,,DSV,No,9/21/2021,11/20/2021,,28128,8
PO12643,"Foshan Daide Bags Co., LTD",IR12216,5091,4734,HLXU6510488,Transit,BPUT1,DSV,No,9/21/2021,11/20/2021,,37872,8
PO11307,"Foshan Daide Bags Co., LTD",IR12217,1528,3810,TEMU7301085,Transit,BPUT1,DSV,No,9/21/2021,11/20/2021,,31318.2,8.22
PO11408,"Foshan Daide Bags Co., LTD",IR12218,1528,4440,TEMU7301085,Transit,,DSV,No,9/21/2021,11/20/2021,,36496.8,8.22
PO11408,"Foshan Daide Bags Co., LTD",IR12220,1528,3390,TGBU9895290,Transit,,DSV,No,9/21/2021,11/20/2021,,27865.8,8.22
PO11408,"Foshan Daide Bags Co., LTD",IR12220,1528,4860,TGBU9895290,Transit,,DSV,No,9/21/2021,11/20/2021,,39949.2,8.22
PO12077,VL (HK) LIMITED,IR12165,8203,2964,HLBU3084355,Transit,BPUT1,DSV,No,9/22/2021,11/21/2021,,18525,6.25
PO12074,VL (HK) LIMITED,IR12166,5473,4998,HLBU3084355,Transit,BPUT1,DSV,No,9/22/2021,11/21/2021,,16093.56,3.22
PO12075,VL (HK) LIMITED,IR12167,5473,10002,HLBU3084355,Transit,BPUT1,DSV,No,9/22/2021,11/21/2021,,32206.44,3.22
PO12070,VL (HK) LIMITED,IR12168,5318,2001,HLBU3084355,Transit,BPUT1,DSV,No,9/22/2021,11/21/2021,,13106.55,6.55
PO11992,VL (HK) LIMITED,IR12169,5393,2001,HLBU3084355,Transit,,DSV,No,9/22/2021,11/21/2021,,2401.2,1.2
PO12692,VL (HK) LIMITED,IR12170,5063,5010,HLBU3084355,Transit,BPUT1,DSV,No,9/22/2021,11/21/2021,,9969.9,1.99
PO12070,VL (HK) LIMITED,IR12171,5318,13360,HLXU8471713,Transit,BPUT1,DSV,No,9/22/2021,11/21/2021,,87508,6.55
PO11389,VL (HK) LIMITED,IR12172,5322,3664,TGBU5866992,Transit,BPUT1,DSV,No,9/22/2021,11/21/2021,,43784.8,11.95
PO12683,VL (HK) LIMITED,IR12173,5064,5478,CAAU5465864,Transit,BPUT1,DSV,No,9/22/2021,11/21/2021,,27937.8,5.1
PO12330,VL (HK) LIMITED,IR12174,5060,12042,CAIU9659900,Transit,BPUT1,DSV,No,9/22/2021,11/21/2021,,74901.24,6.22
PO12348,VL (HK) LIMITED,IR12177,5330,61550,CPSU6411090,Transit,BPUT1,DSV,No,9/22/2021,11/21/2021,,58472.5,0.95
PO12330,VL (HK) LIMITED,IR12178,5060,2958,GESU6165430,Transit,BPUT1,DSV,No,9/22/2021,11/21/2021,,18398.76,6.22
PO12682,VL (HK) LIMITED,IR12179,5060,9084,GESU6165430,Transit,BPUT1,DSV,No,9/22/2021,11/21/2021,,56502.48,6.22
PO6692,"Guangdong Canbo Electrical Co., LTD",IR12034,1902,127,FANU1828845,Transit,BPUT1,DSV,No,9/25/2021,11/24/2021,,29938.98,235.74
PO12378,"Guangdong Canbo Electrical Co., LTD",IR12057,1868,105,FANU1801504,Transit,,DSV,No,9/25/2021,11/24/2021,,25993.8,247.56
PO12628,VL (HK) LIMITED,IR12155,5370,422,TGHU8743946,Transit,BPUT1,DSV,No,9/25/2021,11/24/2021,,3152.34,7.47
PO12696,VL (HK) LIMITED,IR12156,5151,5000,TGHU8743946,Transit,BPUT1,DSV,No,9/25/2021,11/24/2021,,46150,9.23
PO13456,VL (HK) LIMITED,IR12157,5227,7112,TGHU8743946,Transit,,DSV,No,9/25/2021,11/24/2021,,18206.72,2.56
PO13456,VL (HK) LIMITED,IR12158,5227,2888,UACU5126128,Transit,,DSV,No,9/25/2021,11/24/2021,,7393.28,2.56
PO12697,VL (HK) LIMITED,IR12159,5153,10000,UACU5126128,Transit,BPUT1,DSV,No,9/25/2021,11/24/2021,,41000,4.1
PO12062,VL (HK) LIMITED,IR12160,5229,7200,UACU5126128,Transit,BPUT1,DSV,No,9/25/2021,11/24/2021,,40608,5.64
PO12694,VL (HK) LIMITED,IR12161,5072,2500,FANU1832001,Transit,BPUT1,DSV,No,9/25/2021,11/24/2021,,10450,4.18
PO12698,VL (HK) LIMITED,IR12162,5163,1002,FANU1832001,Transit,BPUT1,DSV,No,9/25/2021,11/24/2021,,6703.38,6.69
PO12073,VL (HK) LIMITED,IR12163,5400,20004,FANU1832001,Transit,BPUT1,DSV,No,9/25/2021,11/24/2021,,156631.32,7.83
PO12628,VL (HK) LIMITED,IR12175,5370,6526,HLBU1652820,Transit,BPUT1,DSV,No,9/25/2021,11/24/2021,,48749.22,7.47
PO12628,VL (HK) LIMITED,IR12176,5370,6526,BEAU4998960,Transit,BPUT1,DSV,No,9/25/2021,11/24/2021,,48749.22,7.47
PO12629,VL (HK) LIMITED,IR12180,5370,5000,HLBU1487243,Transit,BPUT1,DSV,No,9/25/2021,11/24/2021,,37350,7.47
PO12628,VL (HK) LIMITED,IR12181,5370,1526,HLBU1487243,Transit,BPUT1,DSV,No,9/25/2021,11/24/2021,,11399.22,7.47
PO10999,Shining Era Enterprise Limited,IR12276,1939,142,TCNU3634149,Transit,,DSV,No,9/25/2021,11/24/2021,,9088,64
PO6333,Shining Era Enterprise Limited,IR12277,1550,239,CMAU7566400,Transit,BPUT1,DSV,No,9/25/2021,11/24/2021,,31309,131
PO9798,Shining Era Enterprise Limited,IR12280,1924,404,CMAU7881790,Transit,,DSV,No,9/25/2021,11/24/2021,,37370,92.5
PO10419,Shining Era Enterprise Limited,IR12281,1971,1188,CAAU6319627,Transit,,DSV,No,9/25/2021,11/24/2021,,42364.08,35.66
PO9778,Shining Era Enterprise Limited,IR12282,1605,463,CMAU6545614,Transit,,DSV,No,9/25/2021,11/24/2021,,38424.37,82.99
PO9778,Shining Era Enterprise Limited,IR12283,1605,463,CMAU7341430,Transit,,DSV,No,9/25/2021,11/24/2021,,38424.37,82.99
PO9778,Shining Era Enterprise Limited,IR12284,1605,463,CMAU7557271,Transit,,DSV,No,9/25/2021,11/24/2021,,38424.37,82.99
PO11127,Shining Era Enterprise Limited,IR12285,1542,6192,APHU7051860,Transit,BPUT1,DSV,No,9/25/2021,11/24/2021,,32693.76,5.28
PO11127,Shining Era Enterprise Limited,IR12286,1542,6192,FSCU8998620,Transit,BPUT1,DSV,No,9/25/2021,11/24/2021,,32693.76,5.28
PO15702,Shining Era Enterprise Limited,IR12288,RP 93401,59,TCNU3634149,Transit,BPUT1,DSV,No,9/25/2021,11/24/2021,,0,0
PO15702,Shining Era Enterprise Limited,IR12288,RP 93406,88,TCNU3634149,Transit,BPUT1,DSV,No,9/25/2021,11/24/2021,,0,0
PO15702,Shining Era Enterprise Limited,IR12288,RP 93404,14,TCNU3634149,Transit,BPUT1,DSV,No,9/25/2021,11/24/2021,,0,0
PO15702,Shining Era Enterprise Limited,IR12288,RP 93403,13,TCNU3634149,Transit,BPUT1,DSV,No,9/25/2021,11/24/2021,,0,0
PO15702,Shining Era Enterprise Limited,IR12288,RP 93501,51,TCNU3634149,Transit,BPUT1,DSV,No,9/25/2021,11/24/2021,,0,0
PO15702,Shining Era Enterprise Limited,IR12288,RP 93506,70,TCNU3634149,Transit,BPUT1,DSV,No,9/25/2021,11/24/2021,,0,0
PO15702,Shining Era Enterprise Limited,IR12288,RP 93504,5,TCNU3634149,Transit,BPUT1,DSV,No,9/25/2021,11/24/2021,,0,0
PO15702,Shining Era Enterprise Limited,IR12288,RP 93503,4,TCNU3634149,Transit,BPUT1,DSV,No,9/25/2021,11/24/2021,,0,0
PO15702,Shining Era Enterprise Limited,IR12288,RP 93301,1,TCNU3634149,Transit,BPUT1,DSV,No,9/25/2021,11/24/2021,,0,0
PO15702,Shining Era Enterprise Limited,IR12288,RP 93306,5,TCNU3634149,Transit,BPUT1,DSV,No,9/25/2021,11/24/2021,,0,0
PO15702,Shining Era Enterprise Limited,IR12288,RP 80236,4,TCNU3634149,Transit,BPUT1,DSV,No,9/25/2021,11/24/2021,,0,0
PO15702,Shining Era Enterprise Limited,IR12288,RP 91547,8,TCNU3634149,Transit,BPUT1,DSV,No,9/25/2021,11/24/2021,,0,0
PO15702,Shining Era Enterprise Limited,IR12288,RP 91548,2,TCNU3634149,Transit,BPUT1,DSV,No,9/25/2021,11/24/2021,,0,0
PO15702,Shining Era Enterprise Limited,IR12288,RP 90203,8,TCNU3634149,Transit,BPUT1,DSV,No,9/25/2021,11/24/2021,,0,0
PO12669,VL (HK) LIMITED,IR12164,5036,2500,FANU1832001,Transit,BPUT1,DSV,No,9/25/2021,11/25/2021,,18425,7.37
PO11307,"Foshan Daide Bags Co., LTD",IR11948,1528,6570,CAIU8091570,Transit,BPUT1,,No,9/11/2021,11/28/2021,,54005.4,8.22
PO11138,"Foshan Daide Bags Co., LTD",IR11949,1528,1704,CAIU8091570,Transit,BPUT1,DSV,No,9/11/2021,11/28/2021,,14006.88,8.22
PO9778,Shining Era Enterprise Limited,IR12303,1605,463,MSDU8317780,Transit,,DSV,No,9/29/2021,11/28/2021,,38424.37,82.99
PO10726,Shining Era Enterprise Limited,IR12304,1814,640,TGBU4815748,Transit,BPUT1,DSV,No,9/29/2021,11/28/2021,,27520,43
PO9802,Shining Era Enterprise Limited,IR12333,1967,426,ECMU9501401,Transit,,DSV,No,10/2/2021,12/1/2021,,36129.06,84.81
PO10728,Shining Era Enterprise Limited,IR12334,1666,22,ECMU9501401,Transit,BPUT1,DSV,No,10/2/2021,12/1/2021,,1015.96,46.18
PO10999,Shining Era Enterprise Limited,IR12335,1939,409,CMAU6568950,Transit,,DSV,No,10/2/2021,12/1/2021,,26176,64
PO6336,Shining Era Enterprise Limited,IR12336,1935,380,CMAU5012800,Transit,BPUT1,DSV,No,10/2/2021,12/1/2021,,36860,97
PO6336,Shining Era Enterprise Limited,IR12337,1935,380,APHU6692089,Transit,BPUT1,DSV,No,10/2/2021,12/1/2021,,36860,97
PO6336,Shining Era Enterprise Limited,IR12338,1935,380,TGBU5074594,Transit,BPUT1,DSV,No,10/2/2021,12/1/2021,,36860,97
PO8727,Shining Era Enterprise Limited,IR12339,1900,732,TLLU4574641,Transit,,DSV,No,10/2/2021,12/1/2021,,35428.8,48.4
PO10419,Shining Era Enterprise Limited,IR12340,1971,1188,TEMU7856020,Transit,,DSV,No,10/2/2021,12/1/2021,,42364.08,35.66
PO10635,Shining Era Enterprise Limited,IR12341,5003,2400,TGBU4313040,Transit,BPUT1,DSV,No,10/2/2021,12/1/2021,,34896,14.54
PO10635,Shining Era Enterprise Limited,IR12342,5003,2400,CMAU5512874,Transit,BPUT1,DSV,No,10/2/2021,12/1/2021,,34896,14.54
PO6333,Shining Era Enterprise Limited,IR12343,1550,239,TEMU8655930,Transit,BPUT1,DSV,No,10/2/2021,12/1/2021,,31309,131
PO6333,Shining Era Enterprise Limited,IR12344,1550,239,CAAU6177414,Transit,BPUT1,DSV,No,10/2/2021,12/1/2021,,31309,131
PO6333,Shining Era Enterprise Limited,IR12345,1550,239,HCIU8020957,Transit,BPUT1,,No,10/2/2021,12/1/2021,,31309,131
PO12953,Ningbo Yishun Tourist & Leisure Products Co LTD,IR12354,5482,1020,MSMU6246359,Transit,BPUT1,DSV,No,10/1/2021,12/1/2021,,11362.8,11.14
PO12659,Ningbo Yishun Tourist & Leisure Products Co LTD,IR12355,5483,3990,MSMU6246359,Transit,BPUT1,DSV,No,10/1/2021,12/1/2021,,40099.5,10.05
PO13348,"Quanzhou Leadwin Bags Co., LTD",IR11866,1528,7296,FSCU9796270,Transit,Import,DSV,No,8/31/2021,12/2/2021,,59827.2,8.2
PO13348,"Quanzhou Leadwin Bags Co., LTD",IR11867,1528,7296,TGHU9448349,Transit,Import,DSV,No,8/31/2021,12/2/2021,,59827.2,8.2
PO10419,Shining Era Enterprise Limited,IR11879,1971,1188,CAIU8124463,Transit,,DSV,No,9/3/2021,12/2/2021,,42364.08,35.66
PO6695,"Guangdong Canbo Electrical Co., LTD",IR11881,1963,111,FANU1800128,Transit,BPUT1,DSV,No,9/9/2021,12/2/2021,,27263.82,245.62
PO6692,"Guangdong Canbo Electrical Co., LTD",IR11882,1902,127,FANU1801295,Transit,BPUT1,DSV,No,9/9/2021,12/2/2021,,29938.98,235.74
PO12067,VL (HK) LIMITED,IR11883,5280,5816,FANU1764930,Transit,BPUT1,DSV,No,9/9/2021,12/2/2021,,18611.2,3.2
PO11981,VL (HK) LIMITED,IR11884,5473,5004,FANU1764930,Transit,,DSV,No,9/9/2021,12/2/2021,,16112.88,3.22
PO12616,VL (HK) LIMITED,IR11885,5163,2502,FANU1764930,Transit,BPUT1,DSV,No,9/9/2021,12/2/2021,,16738.38,6.69
PO11982,VL (HK) LIMITED,IR11886,5473,5004,FANU1764930,Transit,,DSV,No,9/9/2021,12/2/2021,,16112.88,3.22
PO12067,VL (HK) LIMITED,IR11887,5280,1684,FANU1764951,Transit,BPUT1,DSV,No,9/9/2021,12/2/2021,,5422.48,3.22
PO12334,VL (HK) LIMITED,IR11888,1780,7500,FANU1764951,Transit,BPUT1,DSV,No,9/9/2021,12/2/2021,,19800,2.64
PO11146,"Foshan Daide Bags Co., LTD",IR11889,5091,7830,FANU1800621,Transit,BPUT1,DSV,No,9/6/2021,12/2/2021,,62640,8
PO12045,"Foshan Daide Bags Co., LTD",IR11890,5091,420,FANU1800621,Transit,BPUT1,DSV,No,9/6/2021,12/2/2021,,3360,8
PO11147,"Foshan Daide Bags Co., LTD",IR11891,5091,7830,FANU1801248,Transit,BPUT1,DSV,No,9/6/2021,12/2/2021,,62640,8
PO12045,"Foshan Daide Bags Co., LTD",IR11892,5091,420,FANU1801248,Transit,BPUT1,DSV,No,9/6/2021,12/2/2021,,3360,8
PO12315,"Foshan Daide Bags Co., LTD",IR11893,1720,324,FANU1800257,Transit,BPUT1,DSV,No,9/6/2021,12/2/2021,,2216.16,6.84
PO11406,"Foshan Daide Bags Co., LTD",IR11894,1720,2000,FANU1800257,Transit,,DSV,No,9/6/2021,12/2/2021,,13680,6.84
PO12639,"Foshan Daide Bags Co., LTD",IR11896,1722,788,FANU1800257,Transit,BPUT1,DSV,No,9/6/2021,12/2/2021,,7115.64,9.03
PO11953,"Foshan Daide Bags Co., LTD",IR11897,1723,1100,FANU1800257,Transit,,DSV,No,9/6/2021,12/2/2021,,6270,5.7
PO11892,Guangdong Vanward Electric Appliance Co,IR11898,8001,770,FANU1790436,Transit,BPUT1,DSV,No,9/9/2021,12/2/2021,,70131.6,91.08
PO11937,Guangdong Vanward Electric Appliance Co,IR11899,8001,770,FANU1809001,Transit,BPUT1,DSV,No,9/9/2021,12/2/2021,,70131.6,91.08
PO10486,"Guangdong Canbo Electrical Co., LTD",IR11900,1923,101,FANU1787345,Transit,BPUT1,DSV,No,9/9/2021,12/2/2021,,28447.66,281.66
PO10486,"Guangdong Canbo Electrical Co., LTD",IR11901,1923,101,FANU1800160,Transit,BPUT1,DSV,No,9/9/2021,12/2/2021,,28447.66,281.66
PO10486,"Guangdong Canbo Electrical Co., LTD",IR11902,1923,101,FANU1788188,Transit,BPUT1,DSV,No,9/9/2021,12/2/2021,,28447.66,281.66
PO10486,"Guangdong Canbo Electrical Co., LTD",IR11903,1923,101,FANU1784080,Transit,BPUT1,DSV,No,9/9/2021,12/2/2021,,28447.66,281.66
PO12378,"Guangdong Canbo Electrical Co., LTD",IR11904,1868,105,FANU1801314,Transit,,DSV,No,9/9/2021,12/2/2021,,25993.8,247.56
PO9416,"Guangdong Canbo Electrical Co., LTD",IR11905,1923,101,FANU1783798,Transit,BPUT1,DSV,No,9/9/2021,12/2/2021,,28447.66,281.66
PO11953,"Foshan Daide Bags Co., LTD",IR11982,1723,500,FANU180108 4,Transit,,DSV,No,9/6/2021,12/2/2021,,2850,5.7
PO10213,"Foshan Daide Bags Co., LTD",IR11983,5076,2500,FANU1801084,Transit,BPUT1,DSV,No,9/6/2021,12/2/2021,,13050,5.22
PO11144,"Foshan Daide Bags Co., LTD",IR11984,5076,2000,FANU1801084,Transit,BPUT1,DSV,No,9/6/2021,12/2/2021,,10440,5.22
PO12318,"Foshan Daide Bags Co., LTD",IR11985,5035,2000,FANU1801084,Transit,BPUT1,DSV,No,9/6/2021,12/2/2021,,13860,6.93
PO9968,"Foshan Daide Bags Co., LTD",IR11986,1724,3000,FANU1801084,Transit,,DSV,No,9/6/2021,12/2/2021,,9120,3.04
PO10211,"Foshan Daide Bags Co., LTD",IR11987,1724,3000,FANU1801084,Transit,,DSV,No,9/6/2021,12/2/2021,,9120,3.04
PO12324,"Foshan Daide Bags Co., LTD",IR11988,1724,3000,FANU1801084,Transit,BPUT1,DSV,No,9/6/2021,12/2/2021,,9120,3.04
PO13615,"Foshan Daide Bags Co., LTD",IR11992,1720,9600,FSCU9993556,Transit,BPUT1,DSV,No,9/15/2021,12/2/2021,,65664,6.84
PO11404,"Foshan Daide Bags Co., LTD",IR11994,1529,6330,FCIU8510382,Transit,,DSV,No,9/15/2021,12/2/2021,,43866.9,6.93
PO6695,"Guangdong Canbo Electrical Co., LTD",IR12035,1963,111,FANU1802748,Transit,BPUT1,DSV,No,9/25/2021,12/2/2021,,27263.82,245.62
PO11918,"Guangdong Canbo Electrical Co., LTD",IR12058,RP 92308,30,FANU1801504 RP,Transit,BPUT1,DSV,No,9/25/2021,12/2/2021,,0,0
PO11918,"Guangdong Canbo Electrical Co., LTD",IR12058,RP 92398,30,FANU1801504 RP,Transit,BPUT1,DSV,No,9/25/2021,12/2/2021,,0,0
PO11918,"Guangdong Canbo Electrical Co., LTD",IR12058,RP 92399,30,FANU1801504 RP,Transit,BPUT1,DSV,No,9/25/2021,12/2/2021,,0,0
PO11918,"Guangdong Canbo Electrical Co., LTD",IR12058,RP 92334,5,FANU1801504 RP,Transit,BPUT1,DSV,No,9/25/2021,12/2/2021,,0,0
PO11918,"Guangdong Canbo Electrical Co., LTD",IR12058,RP 92366,5,FANU1801504 RP,Transit,BPUT1,DSV,No,9/25/2021,12/2/2021,,0,0
PO12305,Shining Era Enterprise Limited,IR12287,1542,6192,FCIU8751409,Transit,BPUT1,DSV,No,9/25/2021,12/2/2021,,32693.76,5.28
PO9798,Shining Era Enterprise Limited,IR12025,1924,404,ECMU9773483,Transit,,DSV,No,9/12/2021,12/5/2021,,37370,92.5
PO9624,Shining Era Enterprise Limited,IR12026,1883,335,BMOU5087704,Transit,,DSV,No,9/12/2021,12/5/2021,,33165,99
PO6336,Shining Era Enterprise Limited,IR12027,1935,380,CMAU4382673,Transit,BPUT1,DSV,No,9/12/2021,12/5/2021,,36860,97
PO9778,Shining Era Enterprise Limited,IR12028,1605,463,TCNU2844583,Transit,,DSV,No,9/12/2021,12/5/2021,,38424.37,82.99
PO12054,VL (HK) LIMITED,IR12387,5017,62000,HLBU2571600,Transit,Import,DSV,No,10/7/2021,12/6/2021,,58900,0.95
PO12629,VL (HK) LIMITED,IR12388,5370,6536,FANU1813573,Transit,BPUT1,DSV,No,10/7/2021,12/6/2021,,48823.92,7.47
PO16290,VL (HK) LIMITED,IR12389,5433,10000,FANU1811267,Transit,BPUT1,DSV,No,10/7/2021,12/6/2021,,71600,7.16
PO11980,VL (HK) LIMITED,IR12390,8203,4000,FANU1811267,Transit,,DSV,No,10/7/2021,12/6/2021,,25000,6.25
PO12062,VL (HK) LIMITED,IR12392,5229,2800,FANU1811267,Transit,BPUT1,DSV,No,10/7/2021,12/6/2021,,15792,5.64
PO13454,VL (HK) LIMITED,IR12393,5225,180,FANU1811267,Transit,,DSV,No,10/7/2021,12/6/2021,,691.2,3.84
PO16292,VL (HK) LIMITED,IR12403,5303,1760,FANU1810770,Transit,BPUT1,DSV,No,10/7/2021,12/6/2021,,23056,13.1
PO16292,VL (HK) LIMITED,IR12405,5303,1240,FANU1813172,Transit,BPUT1,DSV,No,10/7/2021,12/6/2021,,16244,13.1
PO13017,VL (HK) LIMITED,IR12409,5282,2000,FANU1813172,Transit,BPUT1,DSV,No,10/7/2021,12/6/2021,,10260,5.13
PO12629,VL (HK) LIMITED,IR12412,5370,246,FANU1808540,Transit,BPUT1,DSV,No,10/7/2021,12/6/2021,,1837.62,7.47
PO16294,VL (HK) LIMITED,IR12413,5294,4500,FANU1808540,Transit,BPUT1,DSV,No,10/7/2021,12/6/2021,,26505,5.89
PO12342,VL (HK) LIMITED,IR12414,5275,3000,FANU1808540,Transit,BPUT1,DSV,No,10/7/2021,12/6/2021,,26130,8.71
PO12626,VL (HK) LIMITED,IR12415,5280,2228,FANU1808540,Transit,BPUT1,DSV,No,10/7/2021,12/6/2021,,7129.6,3.2
PO11890,VL (HK) LIMITED,IR12416,5251,2000,FANU1808540,Transit,BPUT1,DSV,No,10/7/2021,12/6/2021,,12280,6.14
PO11978,VL (HK) LIMITED,IR12417,5282,2040,FANU1808540,Transit,,DSV,No,10/7/2021,12/6/2021,,10465.2,5.13
PO11391,VL (HK) LIMITED,IR12422,5436,2662,CAAU5512307,Transit,,DSV,No,10/17/2021,12/6/2021,,24623.5,9.25
PO10965,VL (HK) LIMITED,IR12423,5516,566,HLXU6502564,Transit,BPUT1,DSV,No,10/14/2021,12/13/2021,,13538.72,23.92
PO12691,VL (HK) LIMITED,IR12424,1780,880,HLXU6502564,Transit,BPUT1,DSV,No,10/14/2021,12/13/2021,,2323.2,2.64
PO10214,VL (HK) LIMITED,IR12425,5478,150,HLXU6502564,Transit,Import,DSV,No,10/14/2021,12/13/2021,,600,4
PO11974,VL (HK) LIMITED,IR12426,5065,402,HLXU6502564,Transit,,DSV,No,10/14/2021,12/13/2021,,3195.9,7.95
PO12065,VL (HK) LIMITED,IR12427,5251,2500,HLXU6502564,Transit,BPUT1,DSV,No,10/14/2021,12/13/2021,,15350,6.14
PO11391,VL (HK) LIMITED,IR12428,5436,2338,HLXU6502564,Transit,,DSV,No,10/14/2021,12/13/2021,,21626.5,9.25
PO11974,VL (HK) LIMITED,IR12429,5065,1602,HLXU8062459,Transit,,DSV,No,10/14/2021,12/13/2021,,12735.9,7.95
PO12336,VL (HK) LIMITED,IR12430,5071,5000,HLXU8062459,Transit,BPUT1,DSV,No,10/14/2021,12/13/2021,,6250,1.25
PO11978,VL (HK) LIMITED,IR12433,5282,1188,FANU1804210,Transit,,DSV,No,10/14/2021,12/13/2021,,6094.44,5.13
PO12071,VL (HK) LIMITED,IR12434,5318,10000,FANU1804210,Transit,Import,DSV,No,10/14/2021,12/13/2021,,65500,6.55
PO12691,VL (HK) LIMITED,IR12435,1780,1255,FANU1804210,Transit,BPUT1,DSV,No,10/14/2021,12/13/2021,,3313.2,2.64
PO10965,VL (HK) LIMITED,IR12436,5516,3594,TGBU6369331,Transit,BPUT1,DSV,No,10/14/2021,12/13/2021,,85968.48,23.92
PO6692,"Guangdong Canbo Electrical Co., LTD",IR12479,1902,127,BEAU4149160,Transit,BPUT1,DSV,No,10/25/2021,12/14/2021,,29938.98,235.74
PO6692,"Guangdong Canbo Electrical Co., LTD",IR12478,1902,127,APHU7140741,Transit,BPUT1,DSV,No,10/25/2021,12/15/2021,,29938.98,235.74
PO9279,Shining Era Enterprise Limited,IR12585,5004,1634,TGBU4650334,Transit,,DSV,No,10/16/2021,12/15/2021,,27761.66,16.99
PO9279,Shining Era Enterprise Limited,IR12586,5004,1634,CAIU4537140,Transit,,DSV,No,10/16/2021,12/15/2021,,27761.66,16.99
PO9279,Shining Era Enterprise Limited,IR12587,5004,1634,CARU9975572,Transit,,DSV,No,10/16/2021,12/15/2021,,27761.66,16.99
PO9279,Shining Era Enterprise Limited,IR12588,5004,1634,FCIU7407739,Transit,,DSV,No,10/16/2021,12/15/2021,,27761.66,16.99
PO8732,Shining Era Enterprise Limited,IR12589,5011,1504,FFAU2912601,Transit,,DSV,No,10/16/2021,12/15/2021,,24861.12,16.53
PO8732,Shining Era Enterprise Limited,IR12590,5011,15,MSDU7268063,Transit,,DSV,No,10/16/2021,12/15/2021,,247.95,16.53
PO9629,Shining Era Enterprise Limited,IR12591,1968,490,MSDU7268063,Transit,,DSV,No,10/16/2021,12/15/2021,,29890,61
PO9803,Shining Era Enterprise Limited,IR12592,1968,20,MSDU7268063,Transit,,DSV,No,10/16/2021,12/15/2021,,1220,61
PO12305,Shining Era Enterprise Limited,IR12593,1542,6192,FSCU6147512,Transit,BPUT1,DSV,No,10/16/2021,12/15/2021,,32693.76,5.28
PO11127,Shining Era Enterprise Limited,IR12594,1542,6192,BMOU5931775,Transit,BPUT1,DSV,No,10/16/2021,12/15/2021,,32693.76,5.28
PO8723,Shining Era Enterprise Limited,IR12595,1860,332,MEDU7365066,Transit,,DSV,No,10/16/2021,12/15/2021,,27778.44,83.67
PO9778,Shining Era Enterprise Limited,IR12596,1605,463,CAXU9376142,Transit,,DSV,No,10/16/2021,12/15/2021,,38424.37,82.99
PO9778,Shining Era Enterprise Limited,IR12598,1605,463,TRHU7064069,Transit,,DSV,No,10/16/2021,12/15/2021,,38424.37,82.99
PO11599,Shining Era Enterprise Limited,IR12603,1867,736,TEMU8450756,Transit,Fleming Sales,DSV,No,10/16/2021,12/15/2021,,29204.48,39.68
PO11599,Shining Era Enterprise Limited,IR12604,1867,736,CAIU4866016,Transit,Fleming Sales,DSV,No,10/16/2021,12/15/2021,,29204.48,39.68
PO11599,Shining Era Enterprise Limited,IR12605,1867,736,GLDU7314730,Transit,Fleming Sales,DSV,No,10/16/2021,12/15/2021,,29204.48,39.68
PO11599,Shining Era Enterprise Limited,IR12606,1969,592,MEDU7966920,Transit,Fleming Sales,DSV,No,10/16/2021,12/15/2021,,28404.16,47.98
PO11599,Shining Era Enterprise Limited,IR12607,1969,592,MSMU8685427,Transit,Fleming Sales,DSV,No,10/16/2021,12/15/2021,,28404.16,47.98
PO11599,Shining Era Enterprise Limited,IR12608,1969,592,MEDU8363284,Transit,Fleming Sales,DSV,No,10/16/2021,12/15/2021,,28404.16,47.98
PO11599,Shining Era Enterprise Limited,IR12609,1969,592,CAIU8723760,Transit,Fleming Sales,DSV,No,10/16/2021,12/15/2021,,28404.16,47.98
PO11599,Shining Era Enterprise Limited,IR12610,1969,592,FCIU8343541,Transit,Fleming Sales,DSV,No,10/16/2021,12/15/2021,,28404.16,47.98
PO13748,Shining Era Enterprise Limited,IR12611,1969,592,CAIU4888566,Transit,Fleming Sales,DSV,No,10/16/2021,12/15/2021,,28404.16,47.98
PO13748,Shining Era Enterprise Limited,IR12612,1969,592,MSCU5246879,Transit,Fleming Sales,DSV,No,10/16/2021,12/15/2021,,28404.16,47.98
PO9281,Shining Era Enterprise Limited,IR12613,1814,251,TCLU5800977,Transit,,DSV,No,10/16/2021,12/15/2021,,10793,43
PO11599,Shining Era Enterprise Limited,IR12627,1867,736,TGHU9125095,Transit,Fleming Sales,DSV,No,10/16/2021,12/15/2021,,29204.48,39.68
PO13748,Shining Era Enterprise Limited,IR12628,1969,592,MSCU5437263,Transit,Fleming Sales,DSV,No,10/16/2021,12/15/2021,,28404.16,47.98
PO13748,Shining Era Enterprise Limited,IR12629,1969,592,MSMU7005124,Transit,Fleming Sales,DSV,No,10/16/2021,12/15/2021,,28404.16,47.98
PO13748,Shining Era Enterprise Limited,IR12630,1969,592,CARU9766839,Transit,Fleming Sales,DSV,No,10/16/2021,12/15/2021,,28404.16,47.98
PO12346,VL (HK) LIMITED,IR12418,5017,61580,TCNU7519919,Transit,Import,DSV,No,10/17/2021,12/16/2021,,58501,0.95
PO13659,VL (HK) LIMITED,IR12419,5085,5000,CAAU5512307,Transit,BPUT1,DSV,No,10/17/2021,12/16/2021,,29600,5.92
PO13644,VL (HK) LIMITED,IR12421,5072,2500,CAAU5512307,Transit,BPUT1,DSV,No,10/17/2021,12/16/2021,,10450,4.18
PO12910,VL (HK) LIMITED,IR12431,5047,7000,HLXU8062459,Transit,BPUT1,DSV,No,10/14/2021,12/16/2021,,15120,2.16
PO12633,VL (HK) LIMITED,IR12432,5473,10002,HLXU8062459,Transit,BPUT1,DSV,No,10/14/2021,12/16/2021,,32206.44,3.22
PO16320,VL (HK) LIMITED,IR12437,5195,7000,BMOU6662069,Transit,BPUT1,DSV,No,10/17/2021,12/16/2021,,21560,3.08
PO10965,VL (HK) LIMITED,IR12438,5516,2644,BMOU6662069,Transit,BPUT1,DSV,No,10/17/2021,12/16/2021,,63244.48,23.92
PO10607,VL (HK) LIMITED,IR12439,5436,3722,FCIU9165779,Transit,BPUT1,DSV,No,10/17/2021,12/16/2021,,34428.5,9.25
PO9296,VL (HK) LIMITED,IR12440,5370,3268,FCIU9165779,Transit,,DSV,No,10/17/2021,12/16/2021,,23823.72,7.29
PO9296,VL (HK) LIMITED,IR12442,5370,4104,FFAU2096128,Transit,,DSV,No,10/17/2021,12/16/2021,,29918.16,7.29
PO12693,VL (HK) LIMITED,IR12443,5071,2300,FFAU2096128,Transit,BPUT1,DSV,No,10/17/2021,12/16/2021,,2875,1.25
PO9296,VL (HK) LIMITED,IR12444,5370,3268,HLBU1284230,Transit,,DSV,No,10/17/2021,12/16/2021,,23823.72,7.29
PO10607,VL (HK) LIMITED,IR12445,5436,3724,HLBU1284230,Transit,BPUT1,DSV,No,10/17/2021,12/16/2021,,34447,9.25
PO12690,VL (HK) LIMITED,IR12446,1755,5000,TCNU3258503,Transit,BPUT1,DSV,No,10/17/2021,12/16/2021,,31500,6.3
PO13452,VL (HK) LIMITED,IR12447,5153,4582,TCNU3258503,Transit,,DSV,No,10/17/2021,12/16/2021,,18786.2,4.1
PO12702,VL (HK) LIMITED,IR12448,5173,2004,TCNU3258503,Transit,BPUT1,DSV,No,10/17/2021,12/16/2021,,16553.04,8.26
PO13457,VL (HK) LIMITED,IR12449,5228,20000,GESU5926637,Transit,,DSV,No,10/17/2021,12/16/2021,,41000,2.05
PO13455,VL (HK) LIMITED,IR12450,5225,3012,GESU5926637,Transit,,DSV,No,10/17/2021,12/16/2021,,11566.08,3.84
PO12688,VL (HK) LIMITED,IR12451,5370,2680,GESU5926637,Transit,BPUT1,DSV,No,10/17/2021,12/16/2021,,20019.6,7.47
PO10607,VL (HK) LIMITED,IR12452,5436,2414,HLXU6507041,Transit,BPUT1,DSV,No,10/17/2021,12/16/2021,,22329.5,9.25
PO16320,VL (HK) LIMITED,IR12453,5195,2000,HLXU6507041,Transit,BPUT1,DSV,No,10/17/2021,12/16/2021,,6160,3.08
PO12691,VL (HK) LIMITED,IR12454,1780,2865,HLXU6507041,Transit,BPUT1,DSV,No,10/17/2021,12/16/2021,,7563.6,2.64
PO12688,VL (HK) LIMITED,IR12455,5370,2000,HLXU6507041,Transit,BPUT1,DSV,No,10/17/2021,12/16/2021,,14940,7.47
PO12693,VL (HK) LIMITED,IR12456,5071,2700,HLXU8606043,Transit,BPUT1,DSV,No,10/17/2021,12/16/2021,,3375,1.25
PO10965,VL (HK) LIMITED,IR12457,5516,1160,HLXU8606043,Transit,BPUT1,DSV,No,10/17/2021,12/16/2021,,27747.2,23.92
PO11129,VL (HK) LIMITED,IR12458,5064,390,HLXU8606043,Transit,BPUT1,DSV,No,10/17/2021,12/16/2021,,1950,5
PO16287,VL (HK) LIMITED,IR12459,5275,3252,HLXU8606043,Transit,BPUT1,DSV,No,10/17/2021,12/16/2021,,28324.92,8.71
PO16280,VL (HK) LIMITED,IR12460,5400,15804,HLXU8606043,Transit,BPUT1,DSV,No,10/17/2021,12/16/2021,,116633.52,7.38
PO16320,VL (HK) LIMITED,IR12461,5195,3240,HLXU8606043,Transit,BPUT1,DSV,No,10/17/2021,12/16/2021,,9979.2,3.08
PO10965,VL (HK) LIMITED,IR12462,5516,356,TCNU1046660,Transit,BPUT1,DSV,No,10/17/2021,12/16/2021,,8515.52,23.92
PO13016,VL (HK) LIMITED,IR12463,5060,10000,TCNU1046660,Transit,BPUT1,DSV,No,10/17/2021,12/16/2021,,62200,6.22
PO12688,VL (HK) LIMITED,IR12464,5370,490,TCNU1046660,Transit,BPUT1,DSV,No,10/17/2021,12/16/2021,,3660.3,7.47
PO16320,VL (HK) LIMITED,IR12465,5195,26920,HLBU3422180,Transit,BPUT1,DSV,No,10/17/2021,12/16/2021,,82913.6,3.08
PO12688,VL (HK) LIMITED,IR12466,5370,6536,TCLU1495279,Transit,BPUT1,DSV,No,10/17/2021,12/16/2021,,48823.92,7.47
PO12620,VL (HK) LIMITED,IR12467,5229,10000,CAIU8547866,Transit,BPUT1,DSV,No,10/17/2021,12/16/2021,,56400,5.64
PO12681,VL (HK) LIMITED,IR12468,5045,2120,CAIU8547866,Transit,BPUT1,DSV,No,10/17/2021,12/16/2021,,20585.2,9.71
PO12681,VL (HK) LIMITED,IR12469,5045,880,TCLU8126288,Transit,BPUT1,DSV,No,10/17/2021,12/16/2021,,8544.8,9.71
PO9296,VL (HK) LIMITED,IR12470,5370,2658,TCLU8126288,Transit,,DSV,No,10/17/2021,12/16/2021,,19376.82,7.29
PO13455,VL (HK) LIMITED,IR12471,5225,6912,TCLU8126288,Transit,,DSV,No,10/17/2021,12/16/2021,,26542.08,3.84
PO9296,VL (HK) LIMITED,IR12472,5370,6536,CAAU5690187,Transit,,DSV,No,10/17/2021,12/16/2021,,47647.44,7.29
PO14259,Shining Era Enterprise Limited,IR12634,RP 80211,800,TCLU5800977 RP,Transit,,DSV,No,10/16/2021,12/16/2021,,0,0
PO14259,Shining Era Enterprise Limited,IR12634,RP 80506,30,TCLU5800977 RP,Transit,,DSV,No,10/16/2021,12/16/2021,,5190,173
PO14259,Shining Era Enterprise Limited,IR12634,RP 80513,30,TCLU5800977 RP,Transit,,DSV,No,10/16/2021,12/16/2021,,0,0
PO14259,Shining Era Enterprise Limited,IR12634,RP 90013,100,TCLU5800977 RP,Transit,,DSV,No,10/16/2021,12/16/2021,,0,0
PO14259,Shining Era Enterprise Limited,IR12634,RP 90019,400,TCLU5800977 RP,Transit,,DSV,No,10/16/2021,12/16/2021,,0,0
PO14259,Shining Era Enterprise Limited,IR12634,RP 90211,10,TCLU5800977 RP,Transit,,DSV,No,10/16/2021,12/16/2021,,0,0
PO14259,Shining Era Enterprise Limited,IR12634,RP 90704,700,TCLU5800977 RP,Transit,,DSV,No,10/16/2021,12/16/2021,,0,0
PO14259,Shining Era Enterprise Limited,IR12634,RP 91801,5,TCLU5800977 RP,Transit,,DSV,No,10/16/2021,12/16/2021,,0,0
PO14259,Shining Era Enterprise Limited,IR12634,RP 91836,250,TCLU5800977 RP,Transit,,DSV,No,10/16/2021,12/16/2021,,0,0
PO14259,Shining Era Enterprise Limited,IR12634,RP 92404,800,TCLU5800977 RP,Transit,,DSV,No,10/16/2021,12/16/2021,,0,0
PO14259,Shining Era Enterprise Limited,IR12634,RP 93325,200,TCLU5800977 RP,Transit,,DSV,No,10/16/2021,12/16/2021,,0,0
PO14259,Shining Era Enterprise Limited,IR12634,RP 93522,16,TCLU5800977 RP,Transit,,DSV,No,10/16/2021,12/16/2021,,0,0
PO15702,Shining Era Enterprise Limited,IR12635,RP 90081,42,TCLU5800977 RP,Transit,BPUT1,DSV,No,10/16/2021,12/16/2021,,0,0
PO15702,Shining Era Enterprise Limited,IR12635,RP 90083,2,TCLU5800977 RP,Transit,BPUT1,DSV,No,10/16/2021,12/16/2021,,0,0
PO15702,Shining Era Enterprise Limited,IR12635,RP 90084,2,TCLU5800977 RP,Transit,BPUT1,DSV,No,10/16/2021,12/16/2021,,0,0
PO15702,Shining Era Enterprise Limited,IR12635,RP 91801,7,TCLU5800977 RP,Transit,BPUT1,DSV,No,10/16/2021,12/16/2021,,0,0
PO15702,Shining Era Enterprise Limited,IR12635,RP 91806,10,TCLU5800977 RP,Transit,BPUT1,DSV,No,10/16/2021,12/16/2021,,0,0
PO15702,Shining Era Enterprise Limited,IR12635,RP 90001,1,TCLU5800977 RP,Transit,BPUT1,DSV,No,10/16/2021,12/16/2021,,0,0
PO15702,Shining Era Enterprise Limited,IR12635,RP 90003,6,TCLU5800977 RP,Transit,BPUT1,DSV,No,10/16/2021,12/16/2021,,0,0
PO15702,Shining Era Enterprise Limited,IR12635,RP 91537,8,TCLU5800977 RP,Transit,BPUT1,DSV,No,10/16/2021,12/16/2021,,0,0
PO13323,Shining Era Enterprise Limited,IR12636,RP 93406,40,TCLU5800977 RP,Transit,,DSV,No,10/16/2021,12/16/2021,,0,0
PO13323,Shining Era Enterprise Limited,IR12636,RP 93506,40,TCLU5800977 RP,Transit,,DSV,No,10/16/2021,12/16/2021,,0,0
PO13323,Shining Era Enterprise Limited,IR12636,RP 93536,140,TCLU5800977 RP,Transit,,DSV,No,10/16/2021,12/16/2021,,0,0
PO13323,Shining Era Enterprise Limited,IR12636,RP 93537,160,TCLU5800977 RP,Transit,,DSV,No,10/16/2021,12/16/2021,,0,0
PO13323,Shining Era Enterprise Limited,IR12636,RP 93579,500,TCLU5800977 RP,Transit,,DSV,No,10/16/2021,12/16/2021,,0,0
PO12524,Shining Era Enterprise Limited,IR12637,RP 90055,10,TCLU5800977 RP,Transit,BPUT1,DSV,No,10/16/2021,12/16/2021,,0,0
PO12524,Shining Era Enterprise Limited,IR12637,RP 90299,50,TCLU5800977 RP,Transit,BPUT1,DSV,No,10/16/2021,12/16/2021,,0,0
PO12524,Shining Era Enterprise Limited,IR12637,RP 91007,20,TCLU5800977 RP,Transit,BPUT1,DSV,No,10/16/2021,12/16/2021,,0,0
PO12524,Shining Era Enterprise Limited,IR12637,RP 91041,100,TCLU5800977 RP,Transit,BPUT1,DSV,No,10/16/2021,12/16/2021,,0,0
PO12524,Shining Era Enterprise Limited,IR12637,RP 91060,20,TCLU5800977 RP,Transit,BPUT1,DSV,No,10/16/2021,12/16/2021,,0,0
PO13957,Shining Era Enterprise Limited,IR12638,RP 90082,30,TCLU5800977 RP,Transit,,DSV,No,10/16/2021,12/16/2021,,0,0
PO13957,Shining Era Enterprise Limited,IR12638,RP 91235,10,TCLU5800977 RP,Transit,,DSV,No,10/16/2021,12/16/2021,,0,0
PO13349,Shining Era Enterprise Limited,IR12639,RP 90084,100,TCLU5800977 RP,Transit,,DSV,No,10/16/2021,12/16/2021,,0,0
PO13349,Shining Era Enterprise Limited,IR12639,RP 90083,100,TCLU5800977 RP,Transit,,DSV,No,10/16/2021,12/16/2021,,0,0
PO11711,Shining Era Enterprise Limited,IR12640,RP 80604,10,TCLU5800977 RP,Transit,BPUT1,DSV,No,10/16/2021,12/16/2021,,0,0
PO11711,Shining Era Enterprise Limited,IR12640,RP 80690,30,TCLU5800977 RP,Transit,BPUT1,DSV,No,10/16/2021,12/16/2021,,0,0
PO11711,Shining Era Enterprise Limited,IR12640,RP 90406,20,TCLU5800977 RP,Transit,BPUT1,DSV,No,10/16/2021,12/16/2021,,0,0
PO11662,Shining Era Enterprise Limited,IR12641,RP 91041,20,TCLU5800977 RP,Transit,,DSV,No,10/16/2021,12/16/2021,,0,0
PO12525,"Guangdong Canbo Electrical Co., LTD",IR12410,RP 91606,50,CAIU9481824,Transit,BPUT1,DSV,No,10/18/2021,12/18/2021,,0,0
PO12525,"Guangdong Canbo Electrical Co., LTD",IR12410,RP 91628,50,CAIU9481824,Transit,BPUT1,DSV,No,10/18/2021,12/18/2021,,0,0
PO12525,"Guangdong Canbo Electrical Co., LTD",IR12410,RP 91638,60,CAIU9481824,Transit,BPUT1,DSV,No,10/18/2021,12/18/2021,,0,0
PO12525,"Guangdong Canbo Electrical Co., LTD",IR12410,RP 91642,200,CAIU9481824,Transit,BPUT1,DSV,No,10/18/2021,12/18/2021,,0,0
PO12525,"Guangdong Canbo Electrical Co., LTD",IR12410,RP 91643,200,CAIU9481824,Transit,BPUT1,DSV,No,10/18/2021,12/18/2021,,0,0
PO12525,"Guangdong Canbo Electrical Co., LTD",IR12410,RP 91649,500,CAIU9481824,Transit,BPUT1,DSV,No,10/18/2021,12/18/2021,,0,0
PO12525,"Guangdong Canbo Electrical Co., LTD",IR12410,RP 91928,50,CAIU9481824,Transit,BPUT1,DSV,No,10/18/2021,12/18/2021,,0,0
PO12525,"Guangdong Canbo Electrical Co., LTD",IR12410,RP 91929,50,CAIU9481824,Transit,BPUT1,DSV,No,10/18/2021,12/18/2021,,0,0
PO12525,"Guangdong Canbo Electrical Co., LTD",IR12410,RP 91930,50,CAIU9481824,Transit,BPUT1,DSV,No,10/18/2021,12/18/2021,,0,0
PO12525,"Guangdong Canbo Electrical Co., LTD",IR12410,RP 91950,50,CAIU9481824,Transit,BPUT1,DSV,No,10/18/2021,12/18/2021,,0,0
PO12525,"Guangdong Canbo Electrical Co., LTD",IR12410,RP 91958,50,CAIU9481824,Transit,BPUT1,DSV,No,10/18/2021,12/18/2021,,0,0
PO12525,"Guangdong Canbo Electrical Co., LTD",IR12410,RP 91965,50,CAIU9481824,Transit,BPUT1,DSV,No,10/18/2021,12/18/2021,,0,0
PO11918,"Guangdong Canbo Electrical Co., LTD",IR12529,RP 92905,30,CMAU5430992,Transit,BPUT1,DSV,No,10/19/2021,12/19/2021,,0,0
PO11918,"Guangdong Canbo Electrical Co., LTD",IR12529,RP 92907,30,CMAU5430992,Transit,BPUT1,DSV,No,10/19/2021,12/19/2021,,0,0
PO11918,"Guangdong Canbo Electrical Co., LTD",IR12529,RP 92909,30,CMAU5430992,Transit,BPUT1,DSV,No,10/19/2021,12/19/2021,,0,0
PO11918,"Guangdong Canbo Electrical Co., LTD",IR12529,RP 92912,30,CMAU5430992,Transit,BPUT1,DSV,No,10/19/2021,12/19/2021,,0,0
PO11918,"Guangdong Canbo Electrical Co., LTD",IR12529,RP 92918,30,CMAU5430992,Transit,BPUT1,DSV,No,10/19/2021,12/19/2021,,0,0
PO11918,"Guangdong Canbo Electrical Co., LTD",IR12529,RP 92919,30,CMAU5430992,Transit,BPUT1,DSV,No,10/19/2021,12/19/2021,,0,0
PO11918,"Guangdong Canbo Electrical Co., LTD",IR12529,RP 92922,30,CMAU5430992,Transit,BPUT1,DSV,No,10/19/2021,12/19/2021,,0,0
PO11918,"Guangdong Canbo Electrical Co., LTD",IR12529,RP 92929,30,CMAU5430992,Transit,BPUT1,DSV,No,10/19/2021,12/19/2021,,0,0
PO11918,"Guangdong Canbo Electrical Co., LTD",IR12529,RP 92931,30,CMAU5430992,Transit,BPUT1,DSV,No,10/19/2021,12/19/2021,,0,0
PO11918,"Guangdong Canbo Electrical Co., LTD",IR12529,RP 92932,30,CMAU5430992,Transit,BPUT1,DSV,No,10/19/2021,12/19/2021,,0,0
PO11918,"Guangdong Canbo Electrical Co., LTD",IR12529,RP 92947,30,CMAU5430992,Transit,BPUT1,DSV,No,10/19/2021,12/19/2021,,0,0
PO11918,"Guangdong Canbo Electrical Co., LTD",IR12529,RP 92949,30,CMAU5430992,Transit,BPUT1,DSV,No,10/19/2021,12/19/2021,,0,0
PO11918,"Guangdong Canbo Electrical Co., LTD",IR12529,RP 92953,30,CMAU5430992,Transit,BPUT1,DSV,No,10/19/2021,12/19/2021,,0,0
PO11918,"Guangdong Canbo Electrical Co., LTD",IR12529,RP 92999,30,CMAU5430992,Transit,BPUT1,DSV,No,10/19/2021,12/19/2021,,0,0
PO11918,"Guangdong Canbo Electrical Co., LTD",IR12529,RP 92322,5,CMAU5430992,Transit,BPUT1,DSV,No,10/19/2021,12/19/2021,,0,0
PO11918,"Guangdong Canbo Electrical Co., LTD",IR12529,RP 91607,50,CMAU5430992,Transit,BPUT1,DSV,No,10/19/2021,12/19/2021,,245.5,4.91
PO11918,"Guangdong Canbo Electrical Co., LTD",IR12544,RP 91605,100,FFAU4261263,Transit,BPUT1,DSV,No,10/19/2021,12/19/2021,,0,0
PO11918,"Guangdong Canbo Electrical Co., LTD",IR12544,RP 91615,15,FFAU4261263,Transit,BPUT1,DSV,No,10/19/2021,12/19/2021,,0,0
PO11918,"Guangdong Canbo Electrical Co., LTD",IR12544,RP 91617,50,FFAU4261263,Transit,BPUT1,DSV,No,10/19/2021,12/19/2021,,0,0
PO11918,"Guangdong Canbo Electrical Co., LTD",IR12544,RP 91630,30,FFAU4261263,Transit,BPUT1,DSV,No,10/19/2021,12/19/2021,,0,0
PO11918,"Guangdong Canbo Electrical Co., LTD",IR12544,RP 91631,30,FFAU4261263,Transit,BPUT1,DSV,No,10/19/2021,12/19/2021,,0,0
PO11918,"Guangdong Canbo Electrical Co., LTD",IR12544,RP 91632,30,FFAU4261263,Transit,BPUT1,DSV,No,10/19/2021,12/19/2021,,0,0
PO11918,"Guangdong Canbo Electrical Co., LTD",IR12544,RP 91633,30,FFAU4261263,Transit,BPUT1,DSV,No,10/19/2021,12/19/2021,,0,0
PO11918,"Guangdong Canbo Electrical Co., LTD",IR12544,RP 91643,30,FFAU4261263,Transit,BPUT1,DSV,No,10/19/2021,12/19/2021,,0,0
PO11918,"Guangdong Canbo Electrical Co., LTD",IR12544,RP 91644,30,FFAU4261263,Transit,BPUT1,DSV,No,10/19/2021,12/19/2021,,0,0
PO11918,"Guangdong Canbo Electrical Co., LTD",IR12544,RP 91649,30,FFAU4261263,Transit,BPUT1,DSV,No,10/19/2021,12/19/2021,,0,0
PO11918,"Guangdong Canbo Electrical Co., LTD",IR12544,RP 91650,30,FFAU4261263,Transit,BPUT1,DSV,No,10/19/2021,12/19/2021,,0,0
PO11918,"Guangdong Canbo Electrical Co., LTD",IR12544,RP 91651,30,FFAU4261263,Transit,BPUT1,DSV,No,10/19/2021,12/19/2021,,0,0
PO11918,"Guangdong Canbo Electrical Co., LTD",IR12544,RP 92811,30,FFAU4261263,Transit,BPUT1,DSV,No,10/19/2021,12/19/2021,,0,0
PO11918,"Guangdong Canbo Electrical Co., LTD",IR12544,RP 92812,30,FFAU4261263,Transit,BPUT1,DSV,No,10/19/2021,12/19/2021,,0,0
PO11918,"Guangdong Canbo Electrical Co., LTD",IR12544,RP 92818,30,FFAU4261263,Transit,BPUT1,DSV,No,10/19/2021,12/19/2021,,0,0
PO11918,"Guangdong Canbo Electrical Co., LTD",IR12544,RP 92820,30,FFAU4261263,Transit,BPUT1,DSV,No,10/19/2021,12/19/2021,,0,0
PO11918,"Guangdong Canbo Electrical Co., LTD",IR12544,RP 92828,30,FFAU4261263,Transit,BPUT1,DSV,No,10/19/2021,12/19/2021,,0,0
PO11918,"Guangdong Canbo Electrical Co., LTD",IR12544,RP 92831,30,FFAU4261263,Transit,BPUT1,DSV,No,10/19/2021,12/19/2021,,0,0
PO11918,"Guangdong Canbo Electrical Co., LTD",IR12544,RP 92837,30,FFAU4261263,Transit,BPUT1,DSV,No,10/19/2021,12/19/2021,,0,0
PO11918,"Guangdong Canbo Electrical Co., LTD",IR12544,RP 92838,30,FFAU4261263,Transit,BPUT1,DSV,No,10/19/2021,12/19/2021,,0,0
PO11918,"Guangdong Canbo Electrical Co., LTD",IR12544,RP 92840,30,FFAU4261263,Transit,BPUT1,DSV,No,10/19/2021,12/19/2021,,0,0
PO11918,"Guangdong Canbo Electrical Co., LTD",IR12544,RP 92842,30,FFAU4261263,Transit,BPUT1,DSV,No,10/19/2021,12/19/2021,,0,0
PO11918,"Guangdong Canbo Electrical Co., LTD",IR12544,RP 92849,30,FFAU4261263,Transit,BPUT1,DSV,No,10/19/2021,12/19/2021,,0,0
PO11918,"Guangdong Canbo Electrical Co., LTD",IR12544,RP 92851,30,FFAU4261263,Transit,BPUT1,DSV,No,10/19/2021,12/19/2021,,0,0
PO11918,"Guangdong Canbo Electrical Co., LTD",IR12544,RP 92852,30,FFAU4261263,Transit,BPUT1,DSV,No,10/19/2021,12/19/2021,,0,0
PO11918,"Guangdong Canbo Electrical Co., LTD",IR12544,RP 92855,30,FFAU4261263,Transit,BPUT1,DSV,No,10/19/2021,12/19/2021,,0,0
PO11918,"Guangdong Canbo Electrical Co., LTD",IR12544,RP 92856,30,FFAU4261263,Transit,BPUT1,DSV,No,10/19/2021,12/19/2021,,0,0
PO11918,"Guangdong Canbo Electrical Co., LTD",IR12544,RP 92857,30,FFAU4261263,Transit,BPUT1,DSV,No,10/19/2021,12/19/2021,,0,0
PO11918,"Guangdong Canbo Electrical Co., LTD",IR12544,RP 92862,30,FFAU4261263,Transit,BPUT1,DSV,No,10/19/2021,12/19/2021,,0,0
PO11918,"Guangdong Canbo Electrical Co., LTD",IR12544,RP 92867,30,FFAU4261263,Transit,BPUT1,DSV,No,10/19/2021,12/19/2021,,0,0
PO11918,"Guangdong Canbo Electrical Co., LTD",IR12544,RP 92897,30,FFAU4261263,Transit,BPUT1,DSV,No,10/19/2021,12/19/2021,,0,0
PO11918,"Guangdong Canbo Electrical Co., LTD",IR12544,RP 92898,30,FFAU4261263,Transit,BPUT1,DSV,No,10/19/2021,12/19/2021,,0,0
PO11918,"Guangdong Canbo Electrical Co., LTD",IR12544,RP 92899,30,FFAU4261263,Transit,BPUT1,DSV,No,10/19/2021,12/19/2021,,0,0
PO12378,"Guangdong Canbo Electrical Co., LTD",IR12386,1868,105,CAIU9481824,Transit,,DSV,No,10/25/2021,12/24/2021,,25993.8,247.56
PO12378,"Guangdong Canbo Electrical Co., LTD",IR12473,1868,99,FFAU4261263,Transit,,DSV,No,10/25/2021,12/24/2021,,24508.44,247.56
PO6695,"Guangdong Canbo Electrical Co., LTD",IR12474,1963,33,TCNU6309733,Transit,BPUT1,DSV,No,10/25/2021,12/24/2021,,8105.46,245.62
PO10723,"Guangdong Canbo Electrical Co., LTD",IR12475,1963,78,TCNU6309733,Transit,BPUT1,DSV,No,10/25/2021,12/24/2021,,19158.36,245.62
PO6692,"Guangdong Canbo Electrical Co., LTD",IR12476,1902,127,TGBU4319964,Transit,BPUT1,DSV,No,10/25/2021,12/24/2021,,29938.98,235.74
PO6692,"Guangdong Canbo Electrical Co., LTD",IR12477,1902,127,APHU6884667,Transit,BPUT1,DSV,No,10/25/2021,12/24/2021,,29938.98,235.74
PO6692,"Guangdong Canbo Electrical Co., LTD",IR12480,1902,127,BSIU8063640,Transit,BPUT1,DSV,No,10/25/2021,12/24/2021,,29938.98,235.74
PO6692,"Guangdong Canbo Electrical Co., LTD",IR12482,1902,127,TLLU4231112,Transit,BPUT1,DSV,No,10/25/2021,12/24/2021,,29938.98,235.74
PO6692,"Guangdong Canbo Electrical Co., LTD",IR12483,1902,127,TRHU4139919,Transit,BPUT1,DSV,No,10/25/2021,12/24/2021,,29938.98,235.74
PO6692,"Guangdong Canbo Electrical Co., LTD",IR12484,1902,127,TRHU8015599,Transit,BPUT1,DSV,No,10/25/2021,12/24/2021,,29938.98,235.74
PO10723,"Guangdong Canbo Electrical Co., LTD",IR12485,1963,111,TLLU4394418,Transit,BPUT1,DSV,No,10/25/2021,12/24/2021,,27263.82,245.62
PO10723,"Guangdong Canbo Electrical Co., LTD",IR12487,1963,111,SEKU4495339,Transit,BPUT1,DSV,No,10/25/2021,12/24/2021,,27263.82,245.62
PO10723,"Guangdong Canbo Electrical Co., LTD",IR12488,1963,111,SEGU5340342,Transit,BPUT1,DSV,No,10/25/2021,12/24/2021,,27263.82,245.62
PO10723,"Guangdong Canbo Electrical Co., LTD",IR12489,1963,111,APHU6799101,Transit,BPUT1,DSV,No,10/25/2021,12/24/2021,,27263.82,245.62
PO10723,"Guangdong Canbo Electrical Co., LTD",IR12490,1963,111,TCNU5161195,Transit,BPUT1,DSV,No,10/25/2021,12/24/2021,,27263.82,245.62
PO6695,"Guangdong Canbo Electrical Co., LTD",IR12508,1963,111,TCNU2716710,Transit,BPUT1,DSV,No,10/25/2021,12/24/2021,,27263.82,245.62
PO6695,"Guangdong Canbo Electrical Co., LTD",IR12510,1963,111,GESU6938083,Transit,BPUT1,DSV,No,10/25/2021,12/24/2021,,27263.82,245.62
PO6695,"Guangdong Canbo Electrical Co., LTD",IR12511,1963,111,CAIU8831390,Transit,BPUT1,DSV,No,10/25/2021,12/24/2021,,27263.82,245.62
PO6695,"Guangdong Canbo Electrical Co., LTD",IR12512,1963,111,CMAU7006134,Transit,BPUT1,DSV,No,10/25/2021,12/24/2021,,27263.82,245.62
PO12378,"Guangdong Canbo Electrical Co., LTD",IR12513,1868,102,CMAU5430992,Transit,,DSV,No,10/25/2021,12/24/2021,,25251.12,247.56
PO13455,VL (HK) LIMITED,IR12420,5225,5076,CAAU5512307,Transit,,DSV,No,10/17/2021,12/31/2021,,19491.84,3.84
PO6692,"Guangdong Canbo Electrical Co., LTD",IR12481,1902,127,CMAU5907370,Transit,BPUT1,DSV,No,10/25/2021,12/31/2021,,29938.98,235.74
